/*M!999999\- enable the sandbox mode */ 
-- MariaDB dump 10.19  Distrib 10.11.15-MariaDB, for debian-linux-gnu (aarch64)
--
-- Host: localhost    Database: energyviz
-- ------------------------------------------------------
-- Server version	10.11.15-MariaDB-ubu2204

/*!40101 SET @OLD_CHARACTER_SET_CLIENT=@@CHARACTER_SET_CLIENT */;
/*!40101 SET @OLD_CHARACTER_SET_RESULTS=@@CHARACTER_SET_RESULTS */;
/*!40101 SET @OLD_COLLATION_CONNECTION=@@COLLATION_CONNECTION */;
/*!40101 SET NAMES utf8mb4 */;
/*!40103 SET @OLD_TIME_ZONE=@@TIME_ZONE */;
/*!40103 SET TIME_ZONE='+00:00' */;
/*!40014 SET @OLD_UNIQUE_CHECKS=@@UNIQUE_CHECKS, UNIQUE_CHECKS=0 */;
/*!40014 SET @OLD_FOREIGN_KEY_CHECKS=@@FOREIGN_KEY_CHECKS, FOREIGN_KEY_CHECKS=0 */;
/*!40101 SET @OLD_SQL_MODE=@@SQL_MODE, SQL_MODE='NO_AUTO_VALUE_ON_ZERO' */;
/*!40111 SET @OLD_SQL_NOTES=@@SQL_NOTES, SQL_NOTES=0 */;

--
-- Table structure for table `device`
--

DROP TABLE IF EXISTS `device`;
/*!40101 SET @saved_cs_client     = @@character_set_client */;
/*!40101 SET character_set_client = utf8mb4 */;
CREATE TABLE `device` (
  `id` int(11) NOT NULL AUTO_INCREMENT,
  `user_id` int(11) NOT NULL,
  `name` varchar(255) NOT NULL,
  `description` varchar(255) DEFAULT NULL,
  `power_watt` double NOT NULL,
  `is_active` tinyint(1) NOT NULL,
  PRIMARY KEY (`id`),
  KEY `IDX_92FB68EA76ED395` (`user_id`),
  CONSTRAINT `FK_92FB68EA76ED395` FOREIGN KEY (`user_id`) REFERENCES `user` (`id`)
) ENGINE=InnoDB AUTO_INCREMENT=18 DEFAULT CHARSET=utf8mb4 COLLATE=utf8mb4_unicode_ci;
/*!40101 SET character_set_client = @saved_cs_client */;

--
-- Dumping data for table `device`
--

LOCK TABLES `device` WRITE;
/*!40000 ALTER TABLE `device` DISABLE KEYS */;
INSERT INTO `device` VALUES
(1,1,'Computer','Workstation PC',200,0),
(2,1,'Fridge','Kitchen fridge',100,0),
(3,1,'TV','Living room TV',120,0),
(4,1,'Washing Machine','Laundry washer',500,0),
(5,1,'Microwave','Quick oven',1000,0),
(6,1,'Coffee Maker','Morning coffee',900,0),
(7,1,'Router','Wi-Fi router',10,0),
(8,1,'Iron','Clothes iron',1800,0),
(9,1,'Hair Dryer','Bathroom dryer',1600,0),
(10,1,'Heater','Electric heater',2000,0),
(11,1,'Lamp','Bedroom lamp',60,0),
(12,1,'Oven','Kitchen oven',2000,0),
(13,1,'Laptop','Lenovo T14s laptop',45,0),
(14,1,'Air Conditioner','Split wall AC unit',1500,0),
(15,1,'Vacuum Cleaner','Upright vacuum cleaner',800,0),
(16,1,'Water Boiler','Electric kettle / boiler',1800,0),
(17,1,'test',NULL,100,0);
/*!40000 ALTER TABLE `device` ENABLE KEYS */;
UNLOCK TABLES;

--
-- Table structure for table `device_usage_log`
--

DROP TABLE IF EXISTS `device_usage_log`;
/*!40101 SET @saved_cs_client     = @@character_set_client */;
/*!40101 SET character_set_client = utf8mb4 */;
CREATE TABLE `device_usage_log` (
  `id` int(11) NOT NULL AUTO_INCREMENT,
  `device_id` int(11) NOT NULL,
  `title` varchar(255) DEFAULT NULL,
  `started_at` datetime DEFAULT NULL COMMENT '(DC2Type:datetime_immutable)',
  `ended_at` datetime DEFAULT NULL COMMENT '(DC2Type:datetime_immutable)',
  `duration` int(11) DEFAULT NULL,
  `energy_used_kwh` double DEFAULT NULL,
  PRIMARY KEY (`id`),
  KEY `IDX_CFF03E7B94A4C7D4` (`device_id`),
  CONSTRAINT `FK_CFF03E7B94A4C7D4` FOREIGN KEY (`device_id`) REFERENCES `device` (`id`)
) ENGINE=InnoDB AUTO_INCREMENT=18 DEFAULT CHARSET=utf8mb4 COLLATE=utf8mb4_unicode_ci;
/*!40101 SET character_set_client = @saved_cs_client */;

--
-- Dumping data for table `device_usage_log`
--

LOCK TABLES `device_usage_log` WRITE;
/*!40000 ALTER TABLE `device_usage_log` DISABLE KEYS */;
INSERT INTO `device_usage_log` VALUES
(1,1,'Computer - 19:50 to 23:10 (3h 20m 58s)','2025-10-09 19:50:00','2025-11-09 23:10:00',2694000,149.66666666667),
(2,2,'Fridge - 19:57 to 23:42 (3h 45m 26s)','2025-11-09 19:57:05','2025-11-09 23:42:31',13526,0.37572222222222),
(3,3,'TV - 19:57 to 23:42 (3h 45m 46s)','2025-11-09 19:57:06','2025-11-09 23:42:52',13546,0.45153333333333),
(4,4,'Washing Machine - 19:57 to 23:42 (3h 45m 46s)','2025-11-09 19:57:07','2025-11-09 23:42:53',13546,1.8813888888889),
(5,5,'Microwave - 19:57 to 23:42 (3h 45m 47s)','2025-11-09 19:57:07','2025-11-09 23:42:54',13547,3.7630555555556),
(6,6,'Coffee Maker - 19:57 to 23:42 (3h 45m 46s)','2025-11-09 19:57:08','2025-11-09 23:42:54',13546,3.3865),
(7,7,'Router - 19:57 to 23:42 (3h 45m 46s)','2025-11-09 19:57:09','2025-11-09 23:42:55',13546,0.037627777777778),
(8,8,'Iron - 19:57 to 23:42 (3h 45m 46s)','2025-11-09 19:57:09','2025-11-09 23:42:55',13546,6.773),
(9,9,'Hair Dryer - 19:57 to 23:42 (3h 45m 45s)','2025-11-09 19:57:11','2025-11-09 23:42:56',13545,6.02),
(10,10,'Heater - 19:57 to 23:42 (3h 45m 45s)','2025-11-09 19:57:12','2025-11-09 23:42:57',13545,7.525),
(11,11,'Lamp - 19:57 to 23:42 (3h 45m 46s)','2025-11-09 19:57:12','2025-11-09 23:42:58',13546,0.22576666666667),
(12,12,'Oven - 19:57 to 23:42 (3h 45m 46s)','2025-11-09 19:57:13','2025-11-09 23:42:59',13546,7.5255555555556),
(13,13,'Laptop - 19:57 to 23:42 (3h 45m 45s)','2025-11-09 19:57:14','2025-11-09 23:42:59',13545,0.1693125),
(14,14,'Air Conditioner - 19:57 to 23:43 (3h 45m 47s)','2025-11-09 19:57:15','2025-11-09 23:43:02',13547,5.6445833333333),
(15,15,'Vacuum Cleaner - 19:57 to 23:43 (3h 45m 45s)','2025-11-09 19:57:16','2025-11-09 23:43:01',13545,3.01),
(16,16,'Water Boiler - 19:57 to 23:43 (3h 45m 46s)','2025-11-09 19:57:16','2025-11-09 23:43:02',13546,6.773),
(17,1,NULL,'2025-11-09 23:10:00','2025-11-09 23:41:00',1860,0.10333333333333);
/*!40000 ALTER TABLE `device_usage_log` ENABLE KEYS */;
UNLOCK TABLES;

--
-- Table structure for table `messenger_messages`
--

DROP TABLE IF EXISTS `messenger_messages`;
/*!40101 SET @saved_cs_client     = @@character_set_client */;
/*!40101 SET character_set_client = utf8mb4 */;
CREATE TABLE `messenger_messages` (
  `id` bigint(20) NOT NULL AUTO_INCREMENT,
  `body` longtext NOT NULL,
  `headers` longtext NOT NULL,
  `queue_name` varchar(190) NOT NULL,
  `created_at` datetime NOT NULL COMMENT '(DC2Type:datetime_immutable)',
  `available_at` datetime NOT NULL COMMENT '(DC2Type:datetime_immutable)',
  `delivered_at` datetime DEFAULT NULL COMMENT '(DC2Type:datetime_immutable)',
  PRIMARY KEY (`id`),
  KEY `IDX_75EA56E0FB7336F0` (`queue_name`),
  KEY `IDX_75EA56E0E3BD61CE` (`available_at`),
  KEY `IDX_75EA56E016BA31DB` (`delivered_at`)
) ENGINE=InnoDB DEFAULT CHARSET=utf8mb4 COLLATE=utf8mb4_unicode_ci;
/*!40101 SET character_set_client = @saved_cs_client */;

--
-- Dumping data for table `messenger_messages`
--

LOCK TABLES `messenger_messages` WRITE;
/*!40000 ALTER TABLE `messenger_messages` DISABLE KEYS */;
/*!40000 ALTER TABLE `messenger_messages` ENABLE KEYS */;
UNLOCK TABLES;

--
-- Table structure for table `price_rate_period`
--

DROP TABLE IF EXISTS `price_rate_period`;
/*!40101 SET @saved_cs_client     = @@character_set_client */;
/*!40101 SET character_set_client = utf8mb4 */;
CREATE TABLE `price_rate_period` (
  `id` int(11) NOT NULL AUTO_INCREMENT,
  `name` varchar(255) DEFAULT NULL,
  `start_time` time NOT NULL,
  `end_time` time NOT NULL,
  `price_per_kwh` double NOT NULL,
  PRIMARY KEY (`id`)
) ENGINE=InnoDB AUTO_INCREMENT=2 DEFAULT CHARSET=utf8mb4 COLLATE=utf8mb4_unicode_ci;
/*!40101 SET character_set_client = @saved_cs_client */;

--
-- Dumping data for table `price_rate_period`
--

LOCK TABLES `price_rate_period` WRITE;
/*!40000 ALTER TABLE `price_rate_period` DISABLE KEYS */;
INSERT INTO `price_rate_period` VALUES
(1,'standard','00:00:00','23:59:00',50);
/*!40000 ALTER TABLE `price_rate_period` ENABLE KEYS */;
UNLOCK TABLES;

--
-- Table structure for table `user`
--

DROP TABLE IF EXISTS `user`;
/*!40101 SET @saved_cs_client     = @@character_set_client */;
/*!40101 SET character_set_client = utf8mb4 */;
CREATE TABLE `user` (
  `id` int(11) NOT NULL AUTO_INCREMENT,
  `email` varchar(180) NOT NULL,
  `roles` longtext CHARACTER SET utf8mb4 COLLATE utf8mb4_bin NOT NULL COMMENT '(DC2Type:json)' CHECK (json_valid(`roles`)),
  `password` varchar(255) NOT NULL,
  `first_name` varchar(255) DEFAULT NULL,
  `last_name` varchar(255) NOT NULL,
  `phone` varchar(255) DEFAULT NULL,
  `street` varchar(255) DEFAULT NULL,
  `city` varchar(255) DEFAULT NULL,
  `postal_code` varchar(20) DEFAULT NULL,
  `country` varchar(255) DEFAULT NULL,
  `meter_identifier` varchar(255) DEFAULT NULL,
  `feed_url` varchar(255) DEFAULT NULL,
  PRIMARY KEY (`id`),
  UNIQUE KEY `UNIQ_IDENTIFIER_EMAIL` (`email`)
) ENGINE=InnoDB AUTO_INCREMENT=2 DEFAULT CHARSET=utf8mb4 COLLATE=utf8mb4_unicode_ci;
/*!40101 SET character_set_client = @saved_cs_client */;

--
-- Dumping data for table `user`
--

LOCK TABLES `user` WRITE;
/*!40000 ALTER TABLE `user` DISABLE KEYS */;
INSERT INTO `user` VALUES
(1,'flo.gueldenpfennig@gmail.com','[\"ROLE_USER\"]','$2y$13$O4QFdqwRVdiK3aWdNwcnwOOtq6IfpVqkGe3cGw0mYLKEbF1TZ65By','Florian','Güldenpfennig','066050081116','Ahornweg, 1','Alzenau','63755','Germany','Alzenau','http://caddy/fake-provider/1');
/*!40000 ALTER TABLE `user` ENABLE KEYS */;
UNLOCK TABLES;

--
-- Table structure for table `user_energy_snapshot`
--

DROP TABLE IF EXISTS `user_energy_snapshot`;
/*!40101 SET @saved_cs_client     = @@character_set_client */;
/*!40101 SET character_set_client = utf8mb4 */;
CREATE TABLE `user_energy_snapshot` (
  `id` int(11) NOT NULL AUTO_INCREMENT,
  `user_id` int(11) NOT NULL,
  `timestamp` datetime NOT NULL,
  `consumption_kwh` double NOT NULL,
  `consumption_delta` double DEFAULT NULL,
  PRIMARY KEY (`id`),
  KEY `IDX_BF6A519DA76ED395` (`user_id`),
  CONSTRAINT `FK_BF6A519DA76ED395` FOREIGN KEY (`user_id`) REFERENCES `user` (`id`)
) ENGINE=InnoDB AUTO_INCREMENT=253 DEFAULT CHARSET=utf8mb4 COLLATE=utf8mb4_unicode_ci;
/*!40101 SET character_set_client = @saved_cs_client */;

--
-- Dumping data for table `user_energy_snapshot`
--

LOCK TABLES `user_energy_snapshot` WRITE;
/*!40000 ALTER TABLE `user_energy_snapshot` DISABLE KEYS */;
INSERT INTO `user_energy_snapshot` VALUES
(1,1,'2025-11-09 23:36:00',1000,NULL),
(2,1,'2025-11-09 23:00:00',600,NULL),
(3,1,'2025-11-09 23:48:33',1000.06,NULL),
(4,1,'2025-11-09 23:53:08',1000.11,0.05),
(5,1,'2025-11-09 23:58:09',1000.21,0.1),
(6,1,'2025-11-10 00:03:09',1000.34,0.13),
(7,1,'2025-11-10 00:08:08',1000.39,0.05),
(8,1,'2025-11-10 00:13:09',1000.53,0.14),
(9,1,'2025-11-10 00:18:09',1000.64,0.11),
(10,1,'2025-11-10 00:23:08',1000.7,0.06),
(11,1,'2025-11-10 00:28:09',1000.85,0.15),
(12,1,'2025-11-10 00:33:09',1000.93,0.08),
(13,1,'2025-11-10 00:38:09',1000.98,0.05),
(14,1,'2025-11-10 00:43:09',1001.05,0.07),
(15,1,'2025-11-10 00:48:08',1001.11,0.06),
(16,1,'2025-11-10 01:17:31',1001.23,0.12),
(17,1,'2025-11-10 01:17:31',1001.35,0.24),
(18,1,'2025-11-10 01:17:31',1001.29,0.18),
(19,1,'2025-11-10 01:17:31',1001.35,0.24),
(20,1,'2025-11-10 01:17:31',1001.33,0.22),
(21,1,'2025-11-10 02:59:50',1001.38,0.15),
(22,1,'2025-11-10 02:59:50',1001.46,0.23),
(23,1,'2025-11-10 02:59:50',1001.55,0.32),
(24,1,'2025-11-10 02:59:50',1001.66,0.43),
(25,1,'2025-11-10 02:59:50',1001.78,0.55),
(26,1,'2025-11-10 02:59:50',1001.85,0.62),
(27,1,'2025-11-10 02:59:50',1002,0.77),
(28,1,'2025-11-10 02:59:51',1002.06,0.06),
(29,1,'2025-11-10 02:59:51',1002.14,0.14),
(30,1,'2025-11-10 02:59:51',1002.12,0.12),
(31,1,'2025-11-10 02:59:51',1002.16,0.16),
(32,1,'2025-11-10 02:59:51',1002.21,0.21),
(33,1,'2025-11-10 02:59:51',1002.16,0.16),
(34,1,'2025-11-10 02:59:51',1002.18,0.18),
(35,1,'2025-11-10 02:59:51',1002.18,0.18),
(36,1,'2025-11-10 02:59:51',1002.13,0.13),
(37,1,'2025-11-10 02:59:51',1002.19,0.19),
(38,1,'2025-11-10 02:59:51',1002.13,0.13),
(39,1,'2025-11-10 02:59:51',1002.2,0.2),
(40,1,'2025-11-10 02:59:51',1002.18,0.18),
(41,1,'2025-11-10 02:59:51',1002.16,0.16),
(42,1,'2025-11-10 03:38:29',1002.14,0.08),
(43,1,'2025-11-10 03:38:29',1002.25,0.19),
(44,1,'2025-11-10 03:38:29',1002.4,0.34),
(45,1,'2025-11-10 03:38:29',1002.55,0.49),
(46,1,'2025-11-10 03:38:30',1002.7,0.15),
(47,1,'2025-11-10 03:38:30',1002.82,0.27),
(48,1,'2025-11-10 03:38:30',1002.82,0.27),
(49,1,'2025-11-10 03:38:30',1002.76,0.21),
(50,1,'2025-11-10 03:57:21',1002.76,0.06),
(51,1,'2025-11-10 03:57:21',1002.89,0.19),
(52,1,'2025-11-10 03:57:21',1002.97,0.27),
(53,1,'2025-11-10 03:58:09',1003.02,0.05),
(54,1,'2025-11-10 04:03:09',1003.15,0.13),
(55,1,'2025-11-10 04:08:08',1003.25,0.1),
(56,1,'2025-11-10 04:13:09',1003.35,0.1),
(57,1,'2025-11-10 04:18:09',1003.41,0.06),
(58,1,'2025-11-10 04:23:09',1003.52,0.11),
(59,1,'2025-11-10 04:28:09',1003.58,0.06),
(60,1,'2025-11-10 04:33:09',1003.69,0.11),
(61,1,'2025-11-10 04:38:09',1003.74,0.05),
(62,1,'2025-11-10 04:43:09',1003.85,0.11),
(63,1,'2025-11-10 04:48:09',1003.94,0.09),
(64,1,'2025-11-10 04:53:09',1004.05,0.11),
(65,1,'2025-11-10 05:06:47',1004.14,0.09),
(66,1,'2025-11-10 05:06:47',1004.23,0.18),
(67,1,'2025-11-10 05:08:09',1004.25,0.11),
(68,1,'2025-11-10 05:13:09',1004.38,0.13),
(69,1,'2025-11-10 05:18:08',1004.53,0.15),
(70,1,'2025-11-10 05:23:09',1004.66,0.13),
(71,1,'2025-11-10 05:28:09',1004.81,0.15),
(72,1,'2025-11-10 05:33:09',1004.86,0.05),
(73,1,'2025-11-10 05:38:09',1004.93,0.07),
(74,1,'2025-11-10 05:43:08',1005.01,0.08),
(75,1,'2025-11-10 05:58:13',1005.15,0.14),
(76,1,'2025-11-10 05:58:13',1005.26,0.25),
(77,1,'2025-11-10 05:58:13',1005.35,0.34),
(78,1,'2025-11-10 06:03:09',1005.47,0.12),
(79,1,'2025-11-10 06:08:09',1005.52,0.05),
(80,1,'2025-11-10 06:13:09',1005.59,0.07),
(81,1,'2025-11-10 06:18:09',1005.64,0.05),
(82,1,'2025-11-10 06:23:09',1005.76,0.12),
(83,1,'2025-11-10 06:28:09',1005.89,0.13),
(84,1,'2025-11-10 06:33:09',1006.04,0.15),
(85,1,'2025-11-10 06:38:08',1006.14,0.1),
(86,1,'2025-11-10 06:59:17',1006.24,0.1),
(87,1,'2025-11-10 06:59:17',1006.33,0.19),
(88,1,'2025-11-10 06:59:17',1006.39,0.25),
(89,1,'2025-11-10 06:59:17',1006.29,0.15),
(90,1,'2025-11-10 07:03:09',1006.29,0.05),
(91,1,'2025-11-10 07:08:09',1006.38,0.09),
(92,1,'2025-11-10 07:13:08',1006.52,0.14),
(93,1,'2025-11-10 07:18:09',1006.63,0.11),
(94,1,'2025-11-10 07:23:09',1006.71,0.08),
(95,1,'2025-11-10 07:28:08',1006.8,0.09),
(96,1,'2025-11-17 19:03:09',1006.89,0.09),
(97,1,'2025-11-18 00:03:20',1006.97,0.08),
(98,1,'2025-11-18 00:03:20',1007.06,0.17),
(99,1,'2025-11-18 00:03:20',1007.06,0.17),
(100,1,'2025-11-18 00:03:20',1007.04,0.15),
(101,1,'2025-11-18 00:03:20',1007.02,0.13),
(102,1,'2025-11-18 00:03:20',1007.02,0.13),
(103,1,'2025-11-18 00:03:20',1007.02,0.13),
(104,1,'2025-11-18 00:03:20',1007.09,0.2),
(105,1,'2025-11-18 00:03:20',1007.02,0.13),
(106,1,'2025-11-18 00:03:20',1007.05,0.16),
(107,1,'2025-11-18 00:03:20',1007.08,0.19),
(108,1,'2025-11-18 00:03:20',1007.12,0.23),
(109,1,'2025-11-18 00:03:20',1007.07,0.18),
(110,1,'2025-11-18 00:03:20',1007.09,0.2),
(111,1,'2025-11-18 00:03:20',1007.05,0.16),
(112,1,'2025-11-18 00:03:20',1007.02,0.13),
(113,1,'2025-11-18 00:03:20',1007.09,0.2),
(114,1,'2025-11-18 00:03:20',1007.07,0.18),
(115,1,'2025-11-18 00:03:20',1007.11,0.22),
(116,1,'2025-11-18 00:03:20',1007.02,0.13),
(117,1,'2025-11-18 00:03:20',1007.04,0.15),
(118,1,'2025-11-18 00:03:20',1007.02,0.13),
(119,1,'2025-11-18 00:03:20',1007.06,0.17),
(120,1,'2025-11-18 00:03:20',1007.04,0.15),
(121,1,'2025-11-18 00:03:20',1007.02,0.13),
(122,1,'2025-11-18 00:03:20',1007.05,0.16),
(123,1,'2025-11-18 00:03:20',1007.06,0.17),
(124,1,'2025-11-18 00:03:20',1007.11,0.22),
(125,1,'2025-11-18 00:03:20',1007.03,0.14),
(126,1,'2025-11-18 00:03:20',1007.03,0.14),
(127,1,'2025-11-18 00:03:20',1007.07,0.18),
(128,1,'2025-11-18 00:03:20',1007.12,0.23),
(129,1,'2025-11-18 00:03:20',1007.07,0.18),
(130,1,'2025-11-18 00:03:20',1007.04,0.15),
(131,1,'2025-11-18 00:03:20',1007.06,0.17),
(132,1,'2025-11-18 00:03:20',1007.02,0.13),
(133,1,'2025-11-18 00:03:20',1007.08,0.19),
(134,1,'2025-11-18 00:03:20',1007.09,0.2),
(135,1,'2025-11-18 00:03:20',1007.09,0.2),
(136,1,'2025-11-18 00:03:20',1007.03,0.14),
(137,1,'2025-11-18 00:03:20',1007.07,0.18),
(138,1,'2025-11-18 00:03:20',1007.02,0.13),
(139,1,'2025-11-18 00:03:20',1007.12,0.23),
(140,1,'2025-11-18 00:03:20',1007.07,0.18),
(141,1,'2025-11-18 00:03:20',1007.09,0.2),
(142,1,'2025-11-18 00:03:20',1007.07,0.18),
(143,1,'2025-11-18 00:03:20',1007.07,0.18),
(144,1,'2025-11-18 00:03:20',1007.06,0.17),
(145,1,'2025-11-18 00:03:20',1007.08,0.19),
(146,1,'2025-11-18 00:03:20',1007.1,0.21),
(147,1,'2025-11-18 00:03:20',1007.07,0.18),
(148,1,'2025-11-18 00:03:20',1007.08,0.19),
(149,1,'2025-11-18 00:03:20',1007.05,0.16),
(150,1,'2025-11-18 00:03:20',1007.07,0.18),
(151,1,'2025-11-18 00:03:20',1007.04,0.15),
(152,1,'2025-11-18 00:03:20',1007.08,0.19),
(153,1,'2025-11-18 00:03:20',1007.11,0.22),
(154,1,'2025-11-18 00:03:20',1007.02,0.13),
(155,1,'2025-11-18 00:03:21',1007.03,0.06),
(156,1,'2025-11-18 00:03:21',1007.09,0.12),
(157,1,'2025-11-18 00:08:09',1007.17,0.08),
(158,1,'2025-11-18 00:13:09',1007.32,0.15),
(159,1,'2025-11-18 00:18:09',1007.41,0.09),
(160,1,'2025-11-18 00:23:08',1007.53,0.12),
(161,1,'2025-11-18 00:28:09',1007.63,0.1),
(162,1,'2025-11-18 00:33:09',1007.77,0.14),
(163,1,'2025-11-18 00:38:08',1007.85,0.08),
(164,1,'2025-11-18 00:43:09',1007.99,0.14),
(165,1,'2025-11-18 00:48:08',1008.08,0.09),
(166,1,'2025-11-18 00:53:09',1008.23,0.15),
(167,1,'2025-11-18 00:58:09',1008.28,0.05),
(168,1,'2025-11-18 01:03:09',1008.34,0.06),
(169,1,'2025-11-18 01:08:09',1008.46,0.12),
(170,1,'2025-11-18 01:13:08',1008.57,0.11),
(171,1,'2025-11-18 01:18:08',1008.65,0.08),
(172,1,'2025-11-18 01:23:09',1008.75,0.1),
(173,1,'2025-11-18 01:28:08',1008.8,0.05),
(174,1,'2025-11-18 01:33:09',1008.86,0.06),
(175,1,'2025-11-18 01:38:08',1008.94,0.08),
(176,1,'2025-11-18 01:43:09',1009.01,0.07),
(177,1,'2025-11-18 01:48:09',1009.1,0.09),
(178,1,'2025-11-18 01:53:09',1009.2,0.1),
(179,1,'2025-11-18 02:08:51',1009.33,0.13),
(180,1,'2025-11-18 02:08:51',1009.4,0.2),
(181,1,'2025-11-18 02:08:51',1009.44,0.24),
(182,1,'2025-11-18 03:47:32',1009.43,0.1),
(183,1,'2025-11-18 03:47:32',1009.51,0.18),
(184,1,'2025-11-18 03:47:32',1009.65,0.32),
(185,1,'2025-11-18 03:47:32',1009.79,0.46),
(186,1,'2025-11-18 03:47:32',1009.88,0.55),
(187,1,'2025-11-18 03:47:32',1009.95,0.62),
(188,1,'2025-11-18 03:47:32',1010.08,0.75),
(189,1,'2025-11-18 03:47:32',1010.22,0.89),
(190,1,'2025-11-18 03:47:32',1010.37,1.04),
(191,1,'2025-11-18 03:47:32',1010.52,1.19),
(192,1,'2025-11-18 03:47:32',1010.57,1.24),
(193,1,'2025-11-18 03:47:32',1010.62,1.29),
(194,1,'2025-11-18 03:47:32',1010.69,1.36),
(195,1,'2025-11-18 03:47:32',1010.75,1.42),
(196,1,'2025-11-18 03:47:32',1010.87,1.54),
(197,1,'2025-11-18 03:47:32',1010.93,1.6),
(198,1,'2025-11-18 03:47:32',1011.03,1.7),
(199,1,'2025-11-18 03:47:32',1011.15,1.82),
(200,1,'2025-11-18 03:47:32',1011.3,1.97),
(201,1,'2025-11-18 03:48:08',1011.35,0.05),
(202,1,'2025-11-18 03:53:09',1011.43,0.08),
(203,1,'2025-11-18 03:58:09',1011.48,0.05),
(204,1,'2025-11-18 04:03:09',1011.54,0.06),
(205,1,'2025-11-18 04:08:09',1011.67,0.13),
(206,1,'2025-11-18 04:14:27',1011.77,0.1),
(207,1,'2025-11-18 04:18:09',1011.83,0.06),
(208,1,'2025-11-18 05:55:40',1011.88,0.05),
(209,1,'2025-11-18 05:55:40',1012,0.17),
(210,1,'2025-11-18 05:55:40',1012.08,0.25),
(211,1,'2025-11-18 05:55:40',1012.14,0.31),
(212,1,'2025-11-18 05:55:40',1012.28,0.45),
(213,1,'2025-11-18 05:55:40',1012.33,0.5),
(214,1,'2025-11-18 05:55:40',1012.39,0.56),
(215,1,'2025-11-18 05:55:41',1012.47,0.08),
(216,1,'2025-11-18 05:55:41',1012.57,0.18),
(217,1,'2025-11-18 05:55:41',1012.53,0.14),
(218,1,'2025-11-18 05:55:41',1012.59,0.2),
(219,1,'2025-11-18 05:55:41',1012.53,0.14),
(220,1,'2025-11-18 05:55:41',1012.61,0.22),
(221,1,'2025-11-18 05:55:41',1012.6,0.21),
(222,1,'2025-11-18 05:55:41',1012.59,0.2),
(223,1,'2025-11-18 05:55:41',1012.53,0.14),
(224,1,'2025-11-18 05:55:41',1012.54,0.15),
(225,1,'2025-11-18 05:55:41',1012.59,0.2),
(226,1,'2025-11-18 05:55:41',1012.57,0.18),
(227,1,'2025-11-18 05:58:09',1012.59,0.12),
(228,1,'2025-11-18 06:03:09',1012.67,0.08),
(229,1,'2025-11-18 06:08:09',1012.82,0.15),
(230,1,'2025-11-18 06:13:09',1012.94,0.12),
(231,1,'2025-11-18 06:18:09',1013.02,0.08),
(232,1,'2025-11-18 06:23:09',1013.09,0.07),
(233,1,'2025-11-18 06:42:00',1013.17,0.08),
(234,1,'2025-11-18 06:42:00',1013.27,0.18),
(235,1,'2025-11-18 06:42:00',1013.38,0.29),
(236,1,'2025-11-18 06:43:08',1013.48,0.1),
(237,1,'2025-11-18 06:48:09',1013.59,0.11),
(238,1,'2025-11-18 06:53:09',1013.66,0.07),
(239,1,'2025-11-18 06:58:08',1013.8,0.14),
(240,1,'2025-11-18 07:03:09',1013.92,0.12),
(241,1,'2025-11-18 07:46:41',1013.98,0.06),
(242,1,'2025-11-18 07:46:41',1014.09,0.17),
(243,1,'2025-11-18 07:46:41',1014.22,0.3),
(244,1,'2025-11-18 07:46:41',1014.35,0.43),
(245,1,'2025-11-18 07:46:41',1014.41,0.49),
(246,1,'2025-11-18 07:46:41',1014.56,0.64),
(247,1,'2025-11-18 07:46:41',1014.66,0.74),
(248,1,'2025-11-18 07:46:41',1014.73,0.81),
(249,1,'2025-11-18 07:48:08',1014.79,0.06),
(250,1,'2025-11-18 07:53:09',1014.87,0.08),
(251,1,'2025-11-18 07:58:09',1014.95,0.08),
(252,1,'2025-11-18 08:03:08',1015.05,0.1);
/*!40000 ALTER TABLE `user_energy_snapshot` ENABLE KEYS */;
UNLOCK TABLES;
/*!40103 SET TIME_ZONE=@OLD_TIME_ZONE */;

/*!40101 SET SQL_MODE=@OLD_SQL_MODE */;
/*!40014 SET FOREIGN_KEY_CHECKS=@OLD_FOREIGN_KEY_CHECKS */;
/*!40014 SET UNIQUE_CHECKS=@OLD_UNIQUE_CHECKS */;
/*!40101 SET CHARACTER_SET_CLIENT=@OLD_CHARACTER_SET_CLIENT */;
/*!40101 SET CHARACTER_SET_RESULTS=@OLD_CHARACTER_SET_RESULTS */;
/*!40101 SET COLLATION_CONNECTION=@OLD_COLLATION_CONNECTION */;
/*!40111 SET SQL_NOTES=@OLD_SQL_NOTES */;

-- Dump completed on 2025-11-18  7:04:00
